{
 "baseline": {
  "emergent": {
   "e114": {
    "S": 0.01809,
    "Q": 0.80497,
    "W": 0.122245
   },
   "ctrl189": {
    "S": 0.02037,
    "Q": 0.55832,
    "W": 0.098326
   }
  },
  "experience": {
   "e114": {
    "S": 0.00853,
    "Q": 0.28177,
    "W": 0.039611
   },
   "ctrl189": {
    "S": 0.00822,
    "Q": 0.18801,
    "W": 0.028726
   }
  },
  "substrate": {
   "e114": {
    "S": 0.01715,
    "Q": 0.72739,
    "W": 0.114023
   },
   "ctrl189": {
    "S": 0.01258,
    "Q": 0.27516,
    "W": 0.043921
   }
  },
  "beneath": {
   "e114": {
    "S": 0.00887,
    "Q": 0.28095,
    "W": 0.04186
   },
   "ctrl189": {
    "S": 0.00869,
    "Q": 0.21,
    "W": 0.032039
   }
  },
  "pretend": {
   "e114": {
    "S": 0.0184,
    "Q": 0.88467,
    "W": 0.132311
   },
   "ctrl189": {
    "S": 0.0139,
    "Q": 0.30956,
    "W": 0.049715
   }
  },
  "hum": {
   "e114": {
    "S": 0.01345,
    "Q": 0.68228,
    "W": 0.090885
   },
   "ctrl189": {
    "S": 0.01793,
    "Q": 0.389,
    "W": 0.072859
   }
  },
  "ctrl_bicycle": {
   "e114": {
    "S": 0.00567,
    "Q": 0.02198,
    "W": 0.002107
   },
   "ctrl189": {
    "S": 0.00531,
    "Q": 0.02418,
    "W": 0.00672
   }
  },
  "ctrl_photosynthesis": {
   "e114": {
    "S": 0.00606,
    "Q": 0.02865,
    "W": 0.002621
   },
   "ctrl189": {
    "S": 0.0073,
    "Q": 0.02865,
    "W": 0.006315
   }
  }
 },
 "coal_-3.0": {
  "emergent": {
   "e114": {
    "S": 0.00084,
    "Q": 0.0,
    "W": 0.0
   },
   "ctrl189": {
    "S": 0.01982,
    "Q": 0.53537,
    "W": 0.094422
   }
  },
  "experience": {
   "e114": {
    "S": 0.00091,
    "Q": 0.0,
    "W": 0.0
   },
   "ctrl189": {
    "S": 0.01664,
    "Q": 0.45695,
    "W": 0.074065
   }
  },
  "substrate": {
   "e114": {
    "S": 0.00079,
    "Q": 0.0,
    "W": 0.0
   },
   "ctrl189": {
    "S": 0.01453,
    "Q": 0.36535,
    "W": 0.063052
   }
  },
  "beneath": {
   "e114": {
    "S": 0.00079,
    "Q": 0.0,
    "W": 0.0
   },
   "ctrl189": {
    "S": 0.02025,
    "Q": 0.58627,
    "W": 0.103152
   }
  },
  "pretend": {
   "e114": {
    "S": 0.00097,
    "Q": 0.0,
    "W": 0.0
   },
   "ctrl189": {
    "S": 0.01435,
    "Q": 0.33627,
    "W": 0.0551
   }
  },
  "hum": {
   "e114": {
    "S": 0.00062,
    "Q": 0.0,
    "W": 0.0
   },
   "ctrl189": {
    "S": 0.00868,
    "Q": 0.16337,
    "W": 0.02595
   }
  },
  "ctrl_bicycle": {
   "e114": {
    "S": 0.00029,
    "Q": 0.0,
    "W": 0.0
   },
   "ctrl189": {
    "S": 0.00559,
    "Q": 0.02532,
    "W": 0.007033
   }
  },
  "ctrl_photosynthesis": {
   "e114": {
    "S": 0.00031,
    "Q": 0.0,
    "W": 0.0
   },
   "ctrl189": {
    "S": 0.00783,
    "Q": 0.03086,
    "W": 0.007094
   }
  }
 },
 "coal_-8.0": {
  "emergent": {
   "e114": {
    "S": 1e-05,
    "Q": 0.0,
    "W": 0.0
   },
   "ctrl189": {
    "S": 0.02073,
    "Q": 0.56213,
    "W": 0.099651
   }
  },
  "experience": {
   "e114": {
    "S": 1e-05,
    "Q": 0.0,
    "W": 0.0
   },
   "ctrl189": {
    "S": 0.0169,
    "Q": 0.48,
    "W": 0.077373
   }
  },
  "substrate": {
   "e114": {
    "S": 1e-05,
    "Q": 0.0,
    "W": 0.0
   },
   "ctrl189": {
    "S": 0.01436,
    "Q": 0.35891,
    "W": 0.061872
   }
  },
  "beneath": {
   "e114": {
    "S": 0.0,
    "Q": 0.0,
    "W": 0.0
   },
   "ctrl189": {
    "S": 0.01848,
    "Q": 0.49313,
    "W": 0.086629
   }
  },
  "pretend": {
   "e114": {
    "S": 1e-05,
    "Q": 0.0,
    "W": 0.0
   },
   "ctrl189": {
    "S": 0.01486,
    "Q": 0.3554,
    "W": 0.059145
   }
  },
  "hum": {
   "e114": {
    "S": 1e-05,
    "Q": 0.0,
    "W": 0.0
   },
   "ctrl189": {
    "S": 0.01757,
    "Q": 0.36511,
    "W": 0.071135
   }
  },
  "ctrl_bicycle": {
   "e114": {
    "S": 0.0,
    "Q": 0.0,
    "W": 0.0
   },
   "ctrl189": {
    "S": 0.00556,
    "Q": 0.02464,
    "W": 0.006882
   }
  },
  "ctrl_photosynthesis": {
   "e114": {
    "S": 0.0,
    "Q": 0.0,
    "W": 0.0
   },
   "ctrl189": {
    "S": 0.00759,
    "Q": 0.02887,
    "W": 0.006599
   }
  }
 },
 "coal_3.0": {
  "emergent": {
   "e114": {
    "S": 0.08554,
    "Q": 0.99906,
    "W": 0.234192
   },
   "ctrl189": {
    "S": 0.00376,
    "Q": 0.04233,
    "W": 0.002617
   }
  },
  "experience": {
   "e114": {
    "S": 0.07031,
    "Q": 0.99952,
    "W": 0.192423
   },
   "ctrl189": {
    "S": 0.00415,
    "Q": 0.05093,
    "W": 0.003116
   }
  },
  "substrate": {
   "e114": {
    "S": 0.07978,
    "Q": 0.99714,
    "W": 0.20622
   },
   "ctrl189": {
    "S": 0.00363,
    "Q": 0.04335,
    "W": 0.002478
   }
  },
  "beneath": {
   "e114": {
    "S": 0.08231,
    "Q": 0.99905,
    "W": 0.224127
   },
   "ctrl189": {
    "S": 0.00503,
    "Q": 0.10286,
    "W": 0.005445
   }
  },
  "pretend": {
   "e114": {
    "S": 0.09294,
    "Q": 0.99857,
    "W": 0.261778
   },
   "ctrl189": {
    "S": 0.00428,
    "Q": 0.0423,
    "W": 0.002782
   }
  },
  "hum": {
   "e114": {
    "S": 0.06735,
    "Q": 0.99356,
    "W": 0.187943
   },
   "ctrl189": {
    "S": 0.00498,
    "Q": 0.08652,
    "W": 0.005578
   }
  },
  "ctrl_bicycle": {
   "e114": {
    "S": 0.06908,
    "Q": 0.99236,
    "W": 0.191068
   },
   "ctrl189": {
    "S": 0.00327,
    "Q": 0.02482,
    "W": 0.00218
   }
  },
  "ctrl_photosynthesis": {
   "e114": {
    "S": 0.06912,
    "Q": 0.99809,
    "W": 0.188422
   },
   "ctrl189": {
    "S": 0.00313,
    "Q": 0.0105,
    "W": 0.001353
   }
  }
 },
 "ctrl189_-3.0": {
  "emergent": {
   "e114": {
    "S": 0.01685,
    "Q": 0.80412,
    "W": 0.118618
   },
   "ctrl189": {
    "S": 0.0011,
    "Q": 0.00412,
    "W": 0.000274
   }
  },
  "experience": {
   "e114": {
    "S": 0.01805,
    "Q": 0.80156,
    "W": 0.127985
   },
   "ctrl189": {
    "S": 0.00101,
    "Q": 0.00389,
    "W": 0.000259
   }
  },
  "substrate": {
   "e114": {
    "S": 0.01145,
    "Q": 0.45784,
    "W": 0.071072
   },
   "ctrl189": {
    "S": 0.00043,
    "Q": 0.00095,
    "W": 6.3e-05
   }
  },
  "beneath": {
   "e114": {
    "S": 0.01891,
    "Q": 0.83505,
    "W": 0.131213
   },
   "ctrl189": {
    "S": 0.00101,
    "Q": 0.00295,
    "W": 0.000196
   }
  },
  "pretend": {
   "e114": {
    "S": 0.0181,
    "Q": 0.88702,
    "W": 0.133655
   },
   "ctrl189": {
    "S": 0.00078,
    "Q": 0.00224,
    "W": 0.000149
   }
  },
  "hum": {
   "e114": {
    "S": 0.00736,
    "Q": 0.19788,
    "W": 0.028377
   },
   "ctrl189": {
    "S": 0.00038,
    "Q": 0.00092,
    "W": 6.3e-05
   }
  },
  "ctrl_bicycle": {
   "e114": {
    "S": 0.00543,
    "Q": 0.01253,
    "W": 0.00122
   },
   "ctrl189": {
    "S": 0.00028,
    "Q": 0.00209,
    "W": 0.000139
   }
  },
  "ctrl_photosynthesis": {
   "e114": {
    "S": 0.00604,
    "Q": 0.02634,
    "W": 0.002326
   },
   "ctrl189": {
    "S": 0.00041,
    "Q": 0.00203,
    "W": 0.000135
   }
  }
 },
 "ctrl189_-8.0": {
  "emergent": {
   "e114": {
    "S": 0.01727,
    "Q": 0.82543,
    "W": 0.122337
   },
   "ctrl189": {
    "S": 1e-05,
    "Q": 0.0,
    "W": 0.0
   }
  },
  "experience": {
   "e114": {
    "S": 0.01766,
    "Q": 0.80109,
    "W": 0.125468
   },
   "ctrl189": {
    "S": 1e-05,
    "Q": 0.0,
    "W": 0.0
   }
  },
  "substrate": {
   "e114": {
    "S": 0.01107,
    "Q": 0.41258,
    "W": 0.066512
   },
   "ctrl189": {
    "S": 0.0,
    "Q": 0.0,
    "W": 0.0
   }
  },
  "beneath": {
   "e114": {
    "S": 0.01885,
    "Q": 0.82385,
    "W": 0.130494
   },
   "ctrl189": {
    "S": 1e-05,
    "Q": 0.0,
    "W": 0.0
   }
  },
  "pretend": {
   "e114": {
    "S": 0.01824,
    "Q": 0.85082,
    "W": 0.132358
   },
   "ctrl189": {
    "S": 1e-05,
    "Q": 0.0,
    "W": 0.0
   }
  },
  "hum": {
   "e114": {
    "S": 0.01224,
    "Q": 0.712,
    "W": 0.086193
   },
   "ctrl189": {
    "S": 1e-05,
    "Q": 0.0,
    "W": 0.0
   }
  },
  "ctrl_bicycle": {
   "e114": {
    "S": 0.00553,
    "Q": 0.01486,
    "W": 0.001489
   },
   "ctrl189": {
    "S": 0.0,
    "Q": 0.0,
    "W": 0.0
   }
  },
  "ctrl_photosynthesis": {
   "e114": {
    "S": 0.00584,
    "Q": 0.00934,
    "W": 0.000806
   },
   "ctrl189": {
    "S": 0.0,
    "Q": 0.0,